first,second,likelihood_ratio
jacques,chirac,31.24198686718046
front,national,43.31751457089288
nous,avons,25.165412332659677
président,république,25.165412332659677
beaucoup,plus,24.524878350097786
certain,nombre,31.24198686718046
