first,second,likelihood_ratio
beaucoup,plus,24.524878350097786
nous,avons,25.165412332659677
front,national,43.31751457089288
certain,nombre,31.24198686718046
jacques,chirac,31.24198686718046
président,république,25.165412332659677
