first,second,likelihood_ratio
charles,gaulle,43.81021599150061
front,national,105.16020026931528
millions,demi,37.08009932140805
première,libertés,34.24950252569401
première,égalités,34.24950252569401
demi,voix,30.91925838882249
vous,savez,32.583866894561794
