first,second,likelihood_ratio
cadre,national,18.012327517728302
politique,française,18.357005008057513
bureau,politique,69.76302448315049
bureau,exécutif,30.02115646604731
campagne,électorale,25.534073280144085
élections,européennes,32.05994490759208
réforme,retraites,32.29097363071017
front,national,216.98667324706005
dois,dire,38.32145358277192
prendrais,acte,43.51719993689871
quelque,sorte,94.04791926114487
beaucoup,autres,27.568988253590827
parti,socialiste,65.24483966609803
