measure,first,second
6.96116025813664,jacques,chirac
6.96116025813664,front,national
6.96116025813664,certain,nombre
6.224194663970434,beaucoup,plus
6.283088353024001,président,république
