measure,first,second
9.078595603496117,charles,gaulle
6.8562031821596685,front,national
8.341630009329911,millions,demi
7.8562031821596685,première,libertés
7.8562031821596685,première,égalités
7.204126485579976,demi,voix
