first,second,likelihood_ratio
hommes,politiques,35.31760789282082
nous,sommes,35.24061228822014
peuple,français,16.512446154508318
certain,nombre,45.86973689442355
élections,présidentielles,39.13669290258969
suis,présent,24.034514614541287
premier,rang,36.905257389446895
front,national,89.93606680205598
faut,faire,16.8004392658656
président,république,28.595059816339308
beaucoup,plus,21.495676474369443
quelque,sorte,56.798864101557825
