first,second,likelihood_ratio
front,national,163.853784241242
ores,déjà,36.965351806181076
nous,avons,24.594041565493697
candidat,présidentielle,24.094406755674772
écurie,présidentielle,30.804510873595515
jean,marie,100.80303317050242
président,front,17.98981078756494
chers,amis,35.377702309554294
parti,politique,18.06108666851238
